{"stat.chestOpened":5,"stat.useItem.minecraft.bow":23,"stat.walkOneCm":1305493,"stat.playerKills":4,"stat.leaveGame":6,"stat.jump":1730,"stat.swimOneCm":257,"stat.fallOneCm":692512,"stat.crouchOneCm":16404,"stat.sprintOneCm":686405,"achievement.exploreAllBiomes":{"value":0,"progress":["Desert","Hell"]},"stat.useItem.minecraft.fireworks":5,"achievement.openInventory":26,"stat.useItem.minecraft.snowball":369,"stat.useItem.minecraft.egg":58,"stat.damageTaken":610,"stat.drop.minecraft.end_rod":6,"stat.drop.minecraft.elytra":1,"stat.aviateOneCm":2129151,"stat.entityKilledBy.Creeper":1,"stat.flyOneCm":932169,"stat.deaths":29,"stat.useItem.minecraft.ender_pearl":2,"stat.drop":2,"stat.playOneMinute":196825,"stat.sneakTime":4313,"stat.damageDealt":20,"stat.timeSinceDeath":27970,"stat.diveOneCm":300}