{"stat.beaconInteraction":1,"stat.useItem.minecraft.bow":33,"stat.useItem.minecraft.end_bricks":2209,"stat.useItem.minecraft.splash_potion":35,"stat.useItem.minecraft.quartz_block":191,"stat.useItem.minecraft.stone":8,"stat.useItem.minecraft.quartz_stairs":26,"stat.useItem.minecraft.repeater":1,"stat.leaveGame":8,"stat.useItem.minecraft.repeating_command_block":1,"stat.useItem.minecraft.clay":4,"stat.useItem.minecraft.stained_glass_pane":1,"stat.useItem.minecraft.glowstone":4,"stat.useItem.minecraft.bedrock":1,"stat.drop.minecraft.sandstone":1,"stat.jump":829,"stat.useItem.minecraft.sand":405,"stat.useItem.minecraft.iron_trapdoor":135,"stat.swimOneCm":381,"stat.drop.minecraft.end_bricks":3,"stat.drop.minecraft.skull":1,"stat.useItem.minecraft.snow":1,"stat.fallOneCm":117516,"stat.climbOneCm":222,"stat.drop.minecraft.stone":2,"stat.drop.minecraft.coal_block":1,"stat.crouchOneCm":43001,"stat.useItem.minecraft.coal_block":7,"stat.useItem.minecraft.obsidian":78,"stat.useItem.minecraft.stone_button":3,"stat.useItem.minecraft.red_sandstone_stairs":21,"achievement.exploreAllBiomes":{"value":0,"progress":["Desert","Hell"]},"stat.drop.minecraft.glass":1,"stat.craftingTableInteraction":1,"stat.useItem.minecraft.glass":42,"stat.useItem.minecraft.egg":19,"stat.drop.minecraft.iron_trapdoor":2,"stat.useItem.minecraft.stone_brick_stairs":5,"stat.useItem.minecraft.gold_block":22,"stat.drop.minecraft.stone_button":1,"stat.drop.minecraft.quartz_stairs":1,"stat.drop.minecraft.elytra":2,"stat.aviateOneCm":384696,"stat.flyOneCm":2939817,"stat.drop.minecraft.sand":2,"stat.damageDealt":46,"stat.useItem.minecraft.wool":45,"stat.timeSinceDeath":32375,"stat.useItem.minecraft.sign":62,"stat.drop.minecraft.stick":1,"stat.useItem.minecraft.iron_bars":2,"stat.walkOneCm":675100,"stat.trappedChestTriggered":1,"stat.playerKills":1,"stat.useItem.minecraft.lever":1,"stat.drop.minecraft.iron_bars":1,"stat.drop.minecraft.stone_slab":2,"stat.drop.minecraft.iron_block":2,"stat.drop.minecraft.bedrock":1,"stat.useItem.minecraft.redstone_block":6,"stat.useItem.minecraft.sea_lantern":217,"stat.drop.minecraft.stained_hardened_clay":4,"stat.drop.minecraft.obsidian":1,"stat.drop.minecraft.compass":2,"stat.useItem.minecraft.stained_hardened_clay":1817,"stat.sprintOneCm":66667,"stat.useItem.minecraft.stained_glass":15,"stat.useItem.minecraft.fireworks":8,"stat.drop.minecraft.clay":1,"stat.drop.minecraft.bow":1,"stat.useItem.minecraft.stone_slab":1131,"stat.drop.minecraft.lever":1,"achievement.openInventory":97,"stat.useItem.minecraft.snowball":305,"stat.useItem.minecraft.barrier":2,"stat.useItem.minecraft.iron_block":246,"stat.drop.minecraft.snowball":1,"stat.mobKills":3,"stat.drop.minecraft.repeating_command_block":1,"stat.deaths":16,"stat.drop":38,"stat.playOneMinute":284337,"stat.drop.minecraft.bone_block":1,"stat.sneakTime":23469,"stat.drop.minecraft.arrow":1,"stat.diveOneCm":899,"stat.useItem.minecraft.sandstone":100}