{"stat.chestOpened":5,"stat.useItem.minecraft.bow":10,"stat.walkOneCm":370916,"stat.leaveGame":3,"stat.jump":777,"stat.swimOneCm":380,"stat.breakItem.minecraft.leather_helmet":7,"stat.fallOneCm":286495,"stat.crouchOneCm":15177,"stat.drop.minecraft.compass":2,"stat.drop.minecraft.egg":1,"stat.sprintOneCm":681411,"achievement.exploreAllBiomes":{"value":0,"progress":["Desert"]},"stat.drop.minecraft.bow":1,"achievement.openInventory":42,"stat.useItem.minecraft.snowball":138,"stat.useItem.minecraft.egg":28,"stat.damageTaken":2596,"stat.drop.minecraft.snowball":3,"stat.aviateOneCm":517180,"stat.flyOneCm":630363,"stat.deaths":3,"stat.drop":12,"stat.playOneMinute":83504,"stat.sneakTime":3855,"stat.damageDealt":0,"stat.drop.minecraft.arrow":1,"stat.timeSinceDeath":34186,"stat.useItem.minecraft.fishing_rod":10,"stat.diveOneCm":33,"stat.drop.minecraft.stick":4}