{"stat.chestOpened":1,"stat.useItem.minecraft.bow":5,"stat.walkOneCm":397843,"stat.useItem.minecraft.stone":1,"stat.leaveGame":6,"stat.jump":1028,"stat.breakItem.minecraft.leather_helmet":24,"stat.swimOneCm":86,"stat.fallOneCm":265784,"stat.crouchOneCm":13622,"stat.sprintOneCm":725068,"achievement.exploreAllBiomes":{"value":0,"progress":["Desert"]},"achievement.openInventory":45,"stat.useItem.minecraft.snowball":13,"stat.useItem.minecraft.egg":12,"stat.damageTaken":650,"stat.mobKills":2,"stat.aviateOneCm":674369,"stat.entityKilledBy.Creeper":1,"stat.flyOneCm":540734,"stat.deaths":1,"stat.playOneMinute":141793,"stat.sneakTime":4920,"stat.damageDealt":240,"stat.timeSinceDeath":109097}