{"stat.chestOpened":1,"stat.useItem.minecraft.bow":14,"stat.useItem.minecraft.splash_potion":15,"stat.walkOneCm":678680,"stat.leaveGame":2,"stat.jump":1713,"stat.swimOneCm":80,"stat.breakItem.minecraft.leather_helmet":8,"stat.fallOneCm":423903,"stat.crouchOneCm":2788,"stat.sprintOneCm":886530,"achievement.exploreAllBiomes":{"value":0,"progress":["Desert"]},"achievement.openInventory":59,"stat.useItem.minecraft.snowball":115,"stat.useItem.minecraft.egg":9,"stat.damageTaken":20,"stat.mobKills":1,"stat.aviateOneCm":678224,"stat.flyOneCm":768057,"stat.drop":2,"stat.playOneMinute":96589,"stat.sneakTime":631,"stat.damageDealt":45,"stat.timeSinceDeath":96589,"stat.useItem.minecraft.fishing_rod":9,"stat.drop.minecraft.stick":2}