{"stat.chestOpened":2,"stat.useItem.minecraft.bow":9,"stat.flyOneCm":489456,"stat.deaths":1,"stat.walkOneCm":65134,"stat.jump":67,"stat.swimOneCm":54,"stat.playOneMinute":48118,"achievement.openInventory":13,"stat.fallOneCm":24692,"stat.useItem.minecraft.snowball":78,"stat.useItem.minecraft.egg":7,"stat.leaveGame":1,"stat.sneakTime":2470,"stat.damageTaken":1700,"stat.damageDealt":0,"stat.crouchOneCm":2224,"stat.timeSinceDeath":5151,"stat.sprintOneCm":144329,"achievement.exploreAllBiomes":{"value":0,"progress":["Desert"]},"stat.useItem.minecraft.fishing_rod":1,"stat.aviateOneCm":249197}