{"stat.chestOpened":4,"stat.useItem.minecraft.bow":107,"stat.useItem.minecraft.splash_potion":197,"stat.walkOneCm":1737481,"stat.playerKills":3,"stat.leaveGame":7,"stat.drop.minecraft.iron_block":1,"stat.jump":2104,"stat.swimOneCm":156,"stat.breakItem.minecraft.leather_helmet":8,"stat.fallOneCm":508379,"stat.crouchOneCm":16607,"stat.sprintOneCm":1174653,"achievement.exploreAllBiomes":{"value":0,"progress":["Desert"]},"achievement.openInventory":52,"stat.useItem.minecraft.snowball":2437,"stat.useItem.minecraft.egg":14,"stat.useItem.minecraft.iron_block":1,"stat.damageTaken":2732,"stat.drop.minecraft.fireworks":1,"stat.drop.minecraft.snowball":1,"stat.mobKills":5,"stat.aviateOneCm":3041422,"stat.flyOneCm":1893211,"stat.deaths":18,"stat.drop":3,"stat.playOneMinute":160854,"stat.sneakTime":3313,"stat.damageDealt":99,"stat.timeSinceDeath":34018,"stat.useItem.minecraft.fishing_rod":23}