{"stat.beaconInteraction":4,"stat.useItem.minecraft.bow":239,"stat.useItem.minecraft.end_bricks":1097,"stat.useItem.minecraft.chain_command_block":7,"stat.useItem.minecraft.quartz_block":730,"stat.leaveGame":29,"stat.useItem.minecraft.repeating_command_block":8,"stat.useItem.minecraft.glowstone":74,"stat.useItem.minecraft.planks":208,"stat.useItem.minecraft.nether_brick_stairs":6,"stat.useItem.minecraft.fire_charge":28,"stat.drop.minecraft.coal_block":1,"stat.useItem.minecraft.red_sandstone_stairs":16,"stat.useItem.minecraft.water_bucket":14,"stat.useItem.minecraft.purpur_stairs":249,"stat.useItem.minecraft.rail":14,"stat.drop.minecraft.elytra":1,"stat.aviateOneCm":2090696,"stat.useItem.minecraft.anvil":3,"stat.useItem.minecraft.ender_pearl":21,"stat.hopperInspected":12,"stat.useItem.minecraft.fence_gate":29,"stat.pickup.minecraft.stained_hardened_clay":2,"stat.useItem.minecraft.spawn_egg":47,"stat.trappedChestTriggered":2,"stat.furnaceInteraction":12,"stat.drop.minecraft.spruce_door":1,"stat.drop.minecraft.chorus_fruit":11,"stat.drop.minecraft.stone_slab":3,"stat.useItem.minecraft.redstone":22,"stat.drop.minecraft.stained_hardened_clay":5,"stat.useItem.minecraft.red_sandstone":1,"stat.useItem.minecraft.stained_glass":1773,"stat.useItem.minecraft.fence":11,"stat.craftItem.minecraft.nether_wart_block":7,"achievement.openInventory":935,"stat.useItem.minecraft.wooden_button":8,"stat.useItem.minecraft.lingering_potion":5,"stat.useItem.minecraft.hopper":38,"stat.drop.minecraft.snowball":10,"stat.deaths":119,"stat.drop.minecraft.chain_command_block":1,"stat.playOneMinute":2348851,"stat.useItem.minecraft.nether_brick":15,"stat.pickup.minecraft.sea_lantern":1,"stat.chestOpened":23,"stat.useItem.minecraft.stone":4777,"stat.pickup.minecraft.arrow":1,"stat.useItem.minecraft.sponge":22,"stat.useItem.minecraft.clay":259,"stat.fallOneCm":830643,"stat.drop.minecraft.stone":3,"stat.useItem.minecraft.trapped_chest":1,"stat.crouchOneCm":2408777,"stat.useItem.minecraft.nether_brick_fence":1,"stat.craftingTableInteraction":2,"stat.dropperInspected":2,"stat.useItem.minecraft.golden_rail":3,"stat.useItem.minecraft.furnace":12,"stat.useItem.minecraft.wool":204,"stat.drop.minecraft.stick":85,"stat.useItem.minecraft.iron_bars":91,"stat.useItem.minecraft.bone_block":37,"stat.useItem.minecraft.torch":15,"stat.useItem.minecraft.log":171,"stat.useItem.minecraft.comparator":1,"stat.minecartOneCm":530,"stat.drop.minecraft.sign":1,"stat.useItem.minecraft.nether_wart_block":3,"stat.drop.minecraft.iron_ore":1,"stat.drop.minecraft.planks":1,"stat.useItem.minecraft.deadbush":4,"stat.drop.minecraft.bow":7,"stat.useItem.minecraft.iron_sword":25,"stat.killEntity.PolarBear":2,"stat.useItem.minecraft.barrier":124,"stat.useItem.minecraft.daylight_detector":21,"stat.useItem.minecraft.stonebrick":4,"stat.useItem.minecraft.monster_egg":184,"stat.useItem.minecraft.spruce_door":4,"stat.sneakTime":178654,"stat.drop.minecraft.sea_lantern":3,"stat.useItem.minecraft.chorus_fruit":5,"stat.pickup.minecraft.stone_slab":1,"stat.useItem.minecraft.lapis_block":1,"stat.useItem.minecraft.repeater":1,"stat.useItem.minecraft.log2":6,"stat.useItem.minecraft.beacon":1,"stat.useItem.minecraft.diamond_sword":73,"stat.drop.minecraft.purpur_slab":1,"stat.drop.minecraft.end_bricks":1,"stat.swimOneCm":951,"stat.useItem.minecraft.snow":2199,"stat.climbOneCm":432,"stat.useItem.minecraft.coal_block":81,"stat.useItem.minecraft.obsidian":223,"stat.useItem.minecraft.redstone_torch":4,"stat.useItem.minecraft.dirt":363,"stat.useItem.minecraft.stone_slab2":77,"stat.pickup.minecraft.bow":1,"achievement.exploreAllBiomes":{"value":0,"progress":["Desert","The End","Hell"]},"stat.useItem.minecraft.egg":20,"stat.drop.minecraft.quartz_stairs":1,"stat.useItem.minecraft.brick_block":7,"stat.flyOneCm":15754059,"stat.timeSinceDeath":19788,"stat.useItem.minecraft.sign":61,"stat.useItem.minecraft.wooden_slab":181,"stat.useItem.minecraft.iron_door":2,"stat.useItem.minecraft.lever":8,"stat.drop.minecraft.golden_boots":1,"stat.drop.minecraft.stained_glass":3,"stat.drop.minecraft.dirt":1,"stat.useItem.minecraft.chest_minecart":1,"stat.useItem.minecraft.purpur_pillar":210,"stat.useItem.minecraft.sea_lantern":1271,"stat.useItem.minecraft.milk_bucket":1,"stat.drop.minecraft.obsidian":1,"stat.useItem.minecraft.dropper":10,"stat.sprintOneCm":886037,"stat.useItem.minecraft.hay_block":8,"stat.drop.minecraft.potion":3,"stat.useItem.minecraft.stone_slab":5384,"stat.useItem.minecraft.snowball":5508,"stat.drop.minecraft.leaves":1,"stat.drop.minecraft.lava_bucket":1,"stat.drop":182,"stat.useItem.minecraft.purpur_block":69,"stat.drop.minecraft.purpur_pillar":1,"stat.killEntity.Zombie":5,"stat.diveOneCm":90,"stat.drop.minecraft.purpur_stairs":2,"stat.pickup.minecraft.sign":1,"stat.useItem.minecraft.quartz_stairs":392,"stat.pickup.minecraft.obsidian":1,"stat.useItem.minecraft.stained_glass_pane":464,"stat.drop.minecraft.sponge":1,"stat.useItem.minecraft.bedrock":26,"stat.jump":6545,"stat.useItem.minecraft.iron_trapdoor":66,"stat.useItem.minecraft.sand":1174,"stat.useItem.minecraft.stone_button":6,"stat.drop.minecraft.glowstone":1,"stat.useItem.minecraft.dispenser":3,"stat.useItem.minecraft.glass":16,"stat.drop.minecraft.barrier":1,"stat.damageTaken":560,"stat.useItem.minecraft.stone_brick_stairs":100,"stat.useItem.minecraft.gold_block":163,"stat.dispenserInspected":4,"stat.useItem.minecraft.magma":1,"stat.killEntity.Shulker":7,"stat.damageDealt":4684,"stat.useItem.minecraft.snow_layer":95,"stat.useItem.minecraft.crafting_table":2,"stat.drop.minecraft.emerald_block":1,"stat.useItem.minecraft.command_block":7,"stat.walkOneCm":4490172,"stat.playerKills":18,"stat.useItem.minecraft.chest":1,"stat.pickup.minecraft.stick":2,"stat.useItem.minecraft.emerald_block":4,"stat.useItem.minecraft.lava_bucket":360,"stat.drop.minecraft.iron_block":1,"stat.useItem.minecraft.redstone_block":30,"stat.useItem.minecraft.item_frame":51,"stat.useItem.minecraft.birch_fence_gate":27,"stat.pickup.minecraft.stone":1,"stat.useItem.minecraft.spruce_stairs":85,"stat.useItem.minecraft.stained_hardened_clay":8291,"stat.useItem.minecraft.leaves":333,"stat.drop.minecraft.purpur_block":1,"stat.killEntity.Skeleton":8,"stat.drop.minecraft.deadbush":19,"stat.useItem.minecraft.iron_block":1151,"stat.mobKills":27,"stat.useItem.minecraft.purpur_slab":479,"stat.drop.minecraft.arrow":6,"stat.useItem.minecraft.sandstone":1409}