{"stat.chestOpened":1,"stat.useItem.minecraft.bow":6,"stat.useItem.minecraft.command_block":1,"stat.useItem.minecraft.splash_potion":10,"stat.walkOneCm":237872,"stat.leaveGame":8,"stat.useItem.minecraft.diamond_sword":10,"stat.jump":753,"stat.fallOneCm":279678,"stat.crouchOneCm":12411,"stat.sprintOneCm":624586,"achievement.exploreAllBiomes":{"value":0,"progress":["Desert","Hell"]},"stat.drop.minecraft.bow":1,"achievement.openInventory":23,"stat.useItem.minecraft.snowball":28,"stat.useItem.minecraft.egg":1,"stat.damageTaken":1900,"stat.drop.minecraft.snowball":1,"stat.aviateOneCm":118639,"stat.entityKilledBy.Creeper":1,"stat.flyOneCm":427037,"stat.deaths":11,"stat.drop":4,"stat.playOneMinute":41537,"stat.sneakTime":1266,"stat.damageDealt":31,"stat.timeSinceDeath":8387,"stat.useItem.minecraft.spawn_egg":298,"stat.useItem.minecraft.fishing_rod":15,"stat.drop.minecraft.stick":2}