{"stat.chestOpened":76,"stat.beaconInteraction":2,"stat.useItem.minecraft.bow":325,"stat.useItem.minecraft.end_bricks":594,"stat.useItem.minecraft.splash_potion":594,"stat.useItem.minecraft.quartz_block":162,"stat.useItem.minecraft.stone":142,"stat.useItem.minecraft.repeater":11,"stat.leaveGame":115,"stat.useItem.minecraft.repeating_command_block":5,"stat.useItem.minecraft.diamond_sword":13,"stat.useItem.minecraft.glowstone":109,"stat.useItem.minecraft.stained_glass_pane":115,"stat.mineBlock.minecraft.sandstone":542,"stat.drop.minecraft.sandstone":1,"stat.useItem.minecraft.bedrock":4,"stat.jump":10073,"stat.swimOneCm":4492,"stat.useItem.minecraft.sand":328,"stat.useItem.minecraft.snow":944,"stat.fallOneCm":5464162,"stat.crouchOneCm":177665,"stat.useItem.minecraft.coal_block":90,"stat.craftItem.minecraft.torch":6,"stat.useItem.minecraft.obsidian":51,"stat.useItem.minecraft.redstone_torch":1,"stat.useItem.minecraft.stone_button":36,"stat.useItem.minecraft.dirt":3,"stat.drop.minecraft.stained_glass_pane":7,"stat.useItem.minecraft.egg":318,"stat.damageTaken":830,"stat.useItem.minecraft.gold_block":12,"stat.craftItem.minecraft.sea_lantern":2,"stat.aviateOneCm":19610688,"stat.flyOneCm":13712061,"stat.useItem.minecraft.ender_pearl":16,"stat.damageDealt":155,"stat.useItem.minecraft.snow_layer":13,"stat.timeSinceDeath":31804,"stat.hopperInspected":1,"stat.useItem.minecraft.sign":20,"stat.drop.minecraft.stick":10,"stat.craftItem.minecraft.stone_slab":1,"stat.useItem.minecraft.command_block":46,"stat.walkOneCm":7340963,"stat.trappedChestTriggered":5,"stat.playerKills":150,"stat.useItem.minecraft.chest":8,"stat.drop.minecraft.stained_glass":2,"stat.useItem.minecraft.redstone_block":3,"stat.useItem.minecraft.redstone":26,"stat.useItem.minecraft.sea_lantern":9,"stat.useItem.minecraft.stained_hardened_clay":381,"stat.sprintOneCm":7854717,"stat.useItem.minecraft.stained_glass":1370,"stat.useItem.minecraft.fireworks":5,"stat.drop.minecraft.potion":2,"stat.drop.minecraft.bow":2,"stat.useItem.minecraft.stone_slab":361,"stat.useItem.minecraft.bed":24,"stat.useItem.minecraft.snowball":3651,"stat.useItem.minecraft.barrier":2,"stat.useItem.minecraft.flint_and_steel":1,"stat.useItem.minecraft.iron_block":5,"stat.useItem.minecraft.stone_pressure_plate":1,"stat.useItem.minecraft.diamond_pickaxe":542,"stat.useItem.minecraft.lingering_potion":15,"stat.drop.minecraft.snowball":1,"stat.mobKills":5,"stat.deaths":536,"stat.drop":25,"stat.playOneMinute":2591961,"stat.sneakTime":64263,"stat.craftItem.minecraft.coal_block":1,"stat.diveOneCm":684,"stat.useItem.minecraft.fishing_rod":74,"stat.useItem.minecraft.sandstone":53}