{"stat.beaconInteraction":2,"stat.chestOpened":9,"stat.pickup.minecraft.flint_and_steel":1,"stat.pickup.minecraft.boat":1,"stat.useItem.minecraft.command_block":4,"stat.useItem.minecraft.end_bricks":511,"stat.walkOneCm":23453,"stat.useItem.minecraft.sticky_piston":3,"stat.trappedChestTriggered":1,"stat.useItem.minecraft.chest":4,"stat.useItem.minecraft.stone":1,"stat.leaveGame":2,"stat.killEntity.Ozelot":1,"stat.useItem.minecraft.skull":1,"stat.useItem.minecraft.repeating_command_block":4,"stat.killEntity.Creeper":2,"stat.useItem.minecraft.diamond_sword":15,"stat.jump":228,"stat.swimOneCm":25110,"stat.useItem.minecraft.redstone_block":2,"stat.useItem.minecraft.sea_lantern":63,"stat.useItem.minecraft.trapped_chest":2,"stat.crouchOneCm":1892,"stat.useItem.minecraft.coal_block":1,"stat.useItem.minecraft.stained_hardened_clay":342,"stat.useItem.minecraft.obsidian":4,"stat.sprintOneCm":29482,"stat.useItem.minecraft.stained_glass":138,"achievement.exploreAllBiomes":{"value":0,"progress":["Desert"]},"stat.useItem.minecraft.water_bucket":1,"stat.useItem.minecraft.glass_pane":4,"stat.useItem.minecraft.dispenser":2,"stat.useItem.minecraft.stone_slab":45,"achievement.openInventory":59,"stat.useItem.minecraft.barrier":1,"stat.useItem.minecraft.dark_oak_fence":9,"stat.useItem.minecraft.stone_brick_stairs":2,"stat.dispenserInspected":1,"stat.useItem.minecraft.furnace":4,"stat.useItem.minecraft.hopper":2,"stat.mobKills":3,"stat.aviateOneCm":17586,"stat.useItem.minecraft.slime":3,"stat.flyOneCm":332669,"stat.playOneMinute":53053,"stat.sneakTime":2420,"stat.damageDealt":437,"stat.timeSinceDeath":53053,"stat.hopperInspected":1,"stat.useItem.minecraft.sign":5,"stat.useItem.minecraft.spawn_egg":4,"stat.diveOneCm":572}