{"stat.useItem.minecraft.bow":137,"stat.walkOneCm":2660901,"stat.leaveGame":20,"stat.jump":1102,"stat.swimOneCm":76,"stat.useItem.minecraft.experience_bottle":16,"stat.fallOneCm":848052,"stat.crouchOneCm":8980,"stat.sprintOneCm":1426442,"stat.useItem.minecraft.fireworks":2,"stat.drop.minecraft.bow":1,"stat.useItem.minecraft.snowball":2008,"stat.useItem.minecraft.egg":1,"stat.damageTaken":428,"stat.mobKills":2,"stat.aviateOneCm":3362407,"stat.flyOneCm":1871447,"stat.deaths":10,"stat.drop":2,"stat.playOneMinute":316801,"stat.sneakTime":3052,"stat.damageDealt":0,"stat.timeSinceDeath":54488,"stat.useItem.minecraft.fishing_rod":62,"stat.drop.minecraft.stick":1}