{"stat.chestOpened":6,"stat.useItem.minecraft.bow":55,"stat.useItem.minecraft.splash_potion":1,"stat.walkOneCm":855206,"stat.trappedChestTriggered":1,"stat.playerKills":3,"stat.useItem.minecraft.repeater":2,"stat.leaveGame":13,"stat.drop.minecraft.sign":1,"stat.jump":3594,"stat.swimOneCm":251,"stat.drop.minecraft.skull":1,"stat.useItem.minecraft.experience_bottle":74,"stat.fallOneCm":772468,"stat.crouchOneCm":30109,"stat.sprintOneCm":2001226,"achievement.exploreAllBiomes":{"value":0,"progress":["Desert"]},"stat.useItem.minecraft.fireworks":1,"achievement.openInventory":174,"stat.useItem.minecraft.snowball":512,"stat.useItem.minecraft.egg":27,"stat.damageTaken":500,"stat.useItem.minecraft.lingering_potion":2,"stat.mobKills":4,"stat.aviateOneCm":4436457,"stat.entityKilledBy.Creeper":1,"stat.flyOneCm":1693422,"stat.deaths":14,"stat.drop":2,"stat.playOneMinute":211985,"stat.sneakTime":4586,"stat.damageDealt":200,"stat.timeSinceDeath":47055,"stat.hopperInspected":2,"stat.killEntity.VindicationIllager":1,"stat.useItem.minecraft.fishing_rod":25}