{"stat.chestOpened":14,"stat.useItem.minecraft.bow":148,"stat.useItem.minecraft.splash_potion":8,"stat.useItem.minecraft.chain_command_block":7,"stat.useItem.minecraft.quartz_block":11,"stat.useItem.minecraft.stone":367,"stat.useItem.minecraft.repeater":2,"stat.leaveGame":28,"stat.useItem.minecraft.repeating_command_block":5,"stat.useItem.minecraft.carpet":1,"stat.useItem.minecraft.clay":16,"stat.useItem.minecraft.potion":2,"stat.useItem.minecraft.stained_glass_pane":2,"stat.useItem.minecraft.glowstone":36,"stat.jump":2196,"stat.swimOneCm":9509,"stat.useItem.minecraft.sand":119,"stat.breakItem.minecraft.leather_helmet":14,"stat.drop.minecraft.skull":1,"stat.useItem.minecraft.snow":106,"stat.useItem.minecraft.experience_bottle":11,"stat.fallOneCm":1303490,"stat.drop.minecraft.wooden_sword":1,"stat.crouchOneCm":31169,"stat.useItem.minecraft.coal_block":32,"stat.useItem.minecraft.glass":21,"stat.useItem.minecraft.egg":264,"stat.damageTaken":230,"stat.useItem.minecraft.stone_brick_stairs":9,"stat.useItem.minecraft.gold_block":1,"stat.drop.minecraft.elytra":1,"stat.aviateOneCm":1381213,"stat.useItem.minecraft.anvil":1,"stat.flyOneCm":3097194,"stat.useItem.minecraft.ender_pearl":4,"stat.drop.minecraft.snow":1,"stat.damageDealt":0,"stat.timeSinceDeath":37089,"stat.useItem.minecraft.sign":1,"stat.useItem.minecraft.spawn_egg":7,"stat.drop.minecraft.stick":1,"stat.useItem.minecraft.iron_bars":158,"stat.useItem.minecraft.command_block":18,"stat.walkOneCm":2150098,"stat.useItem.minecraft.torch":1,"stat.trappedChestTriggered":2,"stat.playerKills":16,"stat.useItem.minecraft.comparator":9,"stat.drop.minecraft.golden_boots":1,"stat.useItem.minecraft.gold_ore":4,"stat.useItem.minecraft.armor_stand":8,"stat.useItem.minecraft.redstone_block":6,"stat.useItem.minecraft.redstone":7,"stat.useItem.minecraft.sea_lantern":55,"stat.useItem.minecraft.stained_hardened_clay":430,"stat.drop.minecraft.egg":1,"stat.sprintOneCm":2529022,"stat.useItem.minecraft.stained_glass":290,"stat.useItem.minecraft.fireworks":12,"stat.useItem.minecraft.deadbush":12,"stat.drop.minecraft.potion":2,"stat.useItem.minecraft.stone_slab":410,"stat.useItem.minecraft.snowball":1760,"stat.useItem.minecraft.iron_block":32,"stat.useItem.minecraft.lingering_potion":107,"stat.drop.minecraft.snowball":7,"stat.deaths":116,"stat.drop":16,"stat.playOneMinute":685694,"stat.useItem.minecraft.jungle_stairs":4,"stat.sneakTime":13525,"stat.useItem.minecraft.chorus_fruit":6,"stat.useItem.minecraft.fishing_rod":265,"stat.diveOneCm":1142,"stat.useItem.minecraft.sandstone":13}