{"stat.useItem.minecraft.bow":81,"stat.useItem.minecraft.splash_potion":10,"stat.walkOneCm":867060,"stat.leaveGame":12,"stat.breakItem.minecraft.golden_helmet":2,"stat.jump":481,"stat.useItem.minecraft.experience_bottle":11,"stat.fallOneCm":201584,"stat.crouchOneCm":2563,"stat.breakItem.minecraft.golden_leggings":2,"stat.sprintOneCm":248483,"stat.useItem.minecraft.fireworks":10,"stat.breakItem.minecraft.golden_boots":2,"stat.drop.minecraft.bow":2,"stat.useItem.minecraft.snowball":564,"stat.useItem.minecraft.egg":13,"stat.damageTaken":0,"stat.useItem.minecraft.lingering_potion":4,"stat.aviateOneCm":1335039,"stat.flyOneCm":509478,"stat.deaths":5,"stat.drop":2,"stat.playOneMinute":89303,"stat.sneakTime":986,"stat.damageDealt":0,"stat.timeSinceDeath":48516,"stat.useItem.minecraft.fishing_rod":10}