{"stat.chestOpened":17,"stat.useItem.minecraft.bow":326,"stat.useItem.minecraft.splash_potion":38,"stat.useItem.minecraft.end_bricks":61,"stat.useItem.minecraft.quartz_block":5,"stat.leaveGame":25,"stat.drop.minecraft.experience_bottle":1,"stat.jump":6992,"stat.swimOneCm":953,"stat.breakItem.minecraft.leather_helmet":150,"stat.drop.minecraft.end_bricks":1,"stat.useItem.minecraft.experience_bottle":41,"stat.fallOneCm":2044954,"stat.crouchOneCm":153410,"stat.useItem.minecraft.coal_block":5,"stat.breakItem.minecraft.golden_leggings":1,"achievement.exploreAllBiomes":{"value":0,"progress":["Desert","Hell"]},"stat.useItem.minecraft.egg":312,"stat.damageTaken":12610,"stat.drop.minecraft.elytra":4,"stat.aviateOneCm":10981243,"stat.flyOneCm":4812425,"stat.damageDealt":1563,"stat.timeSinceDeath":17569,"stat.useItem.minecraft.sign":1,"stat.drop.minecraft.stick":1,"stat.walkOneCm":3679014,"stat.playerKills":3,"stat.killEntity.Creeper":6,"stat.drop.minecraft.sign":3,"stat.useItem.minecraft.milk_bucket":1,"stat.useItem.minecraft.sea_lantern":3,"stat.useItem.minecraft.stained_hardened_clay":1,"stat.sprintOneCm":5502701,"stat.useItem.minecraft.fireworks":4,"stat.breakItem.minecraft.golden_boots":1,"achievement.openInventory":241,"stat.useItem.minecraft.snowball":2375,"stat.useItem.minecraft.barrier":23,"stat.useItem.minecraft.lingering_potion":3,"stat.mobKills":29,"stat.entityKilledBy.Creeper":7,"stat.deaths":52,"stat.drop":15,"stat.playOneMinute":714895,"stat.sneakTime":26200,"stat.drop.minecraft.quartz_block":2,"stat.drop.minecraft.bucket":1,"stat.drop.minecraft.arrow":2,"stat.useItem.minecraft.fishing_rod":108,"stat.diveOneCm":744}