{"stat.chestOpened":1,"stat.useItem.minecraft.bow":12,"stat.flyOneCm":42909,"stat.walkOneCm":167720,"stat.jump":130,"stat.playOneMinute":21527,"achievement.openInventory":27,"stat.fallOneCm":124283,"stat.useItem.minecraft.snowball":17,"stat.useItem.minecraft.egg":5,"stat.leaveGame":1,"stat.sneakTime":789,"stat.damageDealt":0,"stat.crouchOneCm":6443,"stat.timeSinceDeath":21527,"stat.sprintOneCm":107483,"achievement.exploreAllBiomes":{"value":0,"progress":["Desert"]},"stat.useItem.minecraft.fishing_rod":5,"stat.aviateOneCm":87516}