{"stat.useItem.minecraft.bow":22,"stat.drop.minecraft.bow":1,"stat.walkOneCm":355443,"stat.playerKills":13,"achievement.openInventory":77,"stat.useItem.minecraft.egg":1,"stat.useItem.minecraft.snowball":14,"stat.leaveGame":1,"stat.damageTaken":280,"stat.useItem.minecraft.repeating_command_block":1,"stat.aviateOneCm":248839,"stat.flyOneCm":298108,"stat.deaths":44,"stat.drop":1,"stat.jump":642,"stat.swimOneCm":597,"stat.playOneMinute":89063,"stat.fallOneCm":236478,"stat.sneakTime":357,"stat.damageDealt":0,"stat.crouchOneCm":1275,"stat.useItem.minecraft.chorus_fruit":3,"stat.timeSinceDeath":3714,"stat.sprintOneCm":291477,"stat.useItem.minecraft.stained_glass":4,"achievement.exploreAllBiomes":{"value":0,"progress":["Desert"]}}