{"stat.drop.minecraft.repeater":1,"stat.useItem.minecraft.command_block":11,"stat.useItem.minecraft.bow":2,"stat.walkOneCm":251391,"stat.useItem.minecraft.chain_command_block":1,"stat.playerKills":3,"stat.useItem.minecraft.repeater":2,"stat.leaveGame":5,"stat.useItem.minecraft.comparator":2,"stat.useItem.minecraft.repeating_command_block":4,"stat.drop.minecraft.bedrock":1,"stat.useItem.minecraft.bedrock":11,"stat.jump":701,"stat.swimOneCm":230,"stat.useItem.minecraft.sand":35,"stat.breakItem.minecraft.leather_helmet":6,"stat.useItem.minecraft.redstone_block":5,"stat.fallOneCm":203702,"stat.drop.minecraft.wooden_button":1,"stat.crouchOneCm":7338,"stat.useItem.minecraft.redstone_torch":5,"stat.sprintOneCm":81482,"stat.useItem.minecraft.stained_glass":14,"achievement.exploreAllBiomes":{"value":0,"progress":["Desert"]},"stat.useItem.minecraft.stone_slab":1,"achievement.openInventory":20,"stat.useItem.minecraft.snowball":101,"stat.useItem.minecraft.egg":2,"stat.useItem.minecraft.wooden_button":1,"stat.damageTaken":280,"stat.flyOneCm":385623,"stat.deaths":23,"stat.drop":3,"stat.playOneMinute":109057,"stat.sneakTime":2122,"stat.damageDealt":0,"stat.timeSinceDeath":11171,"stat.useItem.minecraft.sandstone":2}