{"stat.chestOpened":7,"stat.useItem.minecraft.bow":56,"stat.useItem.minecraft.end_bricks":166,"stat.walkOneCm":370214,"stat.playerKills":48,"stat.leaveGame":5,"stat.jump":509,"stat.fallOneCm":322780,"stat.crouchOneCm":13210,"stat.drop.minecraft.melon":1,"stat.sprintOneCm":522794,"achievement.exploreAllBiomes":{"value":0,"progress":["Desert","Hell"]},"achievement.openInventory":43,"stat.useItem.minecraft.snowball":193,"stat.useItem.minecraft.egg":33,"stat.aviateOneCm":55961,"stat.flyOneCm":799502,"stat.deaths":97,"stat.useItem.minecraft.ender_pearl":54,"stat.drop":1,"stat.playOneMinute":125436,"stat.sneakTime":5279,"stat.damageDealt":0,"stat.timeSinceDeath":22634,"stat.useItem.minecraft.melon_block":2}