{"stat.beaconInteraction":18,"stat.useItem.minecraft.string":1,"stat.useItem.minecraft.bow":6164,"stat.pickup.minecraft.repeating_command_block":3,"stat.useItem.minecraft.end_bricks":2521,"stat.useItem.minecraft.chain_command_block":774,"stat.useItem.minecraft.quartz_block":1650,"stat.leaveGame":214,"stat.useItem.minecraft.soul_sand":15,"stat.drop.minecraft.redstone":25,"stat.useItem.minecraft.repeating_command_block":401,"stat.useItem.minecraft.glowstone":80,"stat.drop.minecraft.skull":12,"stat.useItem.minecraft.nether_brick_stairs":6,"stat.useItem.minecraft.fire_charge":3,"stat.drop.minecraft.coal_block":107,"stat.useItem.minecraft.red_sandstone_stairs":58,"stat.useItem.minecraft.water_bucket":60,"stat.drop.minecraft.iron_sword":1,"stat.drop.minecraft.redstone_torch":17,"stat.drop.minecraft.golden_leggings":4,"stat.useItem.minecraft.purpur_stairs":27,"stat.drop.minecraft.splash_potion":14,"stat.drop.minecraft.elytra":70,"stat.aviateOneCm":158045120,"stat.useItem.minecraft.ender_pearl":425,"stat.drop.minecraft.sand":26,"stat.hopperInspected":89,"stat.drop.minecraft.diamond":1,"stat.useItem.minecraft.spawn_egg":13,"stat.drop.minecraft.ender_eye":6,"stat.trappedChestTriggered":14,"stat.drop.minecraft.diamond_block":1,"stat.drop.minecraft.chorus_fruit":25,"stat.drop.minecraft.red_flower":7,"stat.drop.minecraft.stone_slab":34,"stat.useItem.minecraft.redstone":280,"stat.drop.minecraft.stained_hardened_clay":42,"stat.drop.minecraft.wooden_button":5,"stat.drop.minecraft.monster_egg":1,"stat.useItem.minecraft.stained_glass":3910,"stat.drop.minecraft.fishing_rod":16,"stat.drop.minecraft.magma":1,"stat.drop.minecraft.stone_pressure_plate":2,"stat.useItem.minecraft.flint_and_steel":151,"stat.useItem.minecraft.wooden_button":53,"stat.drop.minecraft.fireworks":151,"stat.useItem.minecraft.lingering_potion":872,"stat.useItem.minecraft.hopper":9,"stat.drop.minecraft.snowball":120,"stat.useItem.minecraft.dye":313,"stat.deaths":1256,"stat.drop.minecraft.chain_command_block":331,"stat.playOneMinute":21185556,"stat.useItem.minecraft.nether_brick":1,"stat.craftItem.minecraft.repeater":1,"stat.chestOpened":218,"stat.useItem.minecraft.splash_potion":2436,"stat.craftItem.minecraft.sign":5,"stat.useItem.minecraft.stone":3625,"stat.drop.minecraft.hopper":2,"stat.useItem.minecraft.sponge":60,"stat.drop.minecraft.experience_bottle":8,"stat.craftItem.minecraft.quartz_block":9,"stat.useItem.minecraft.clay":835,"stat.drop.minecraft.banner":3,"stat.breakItem.minecraft.leather_helmet":417,"stat.useItem.minecraft.experience_bottle":449,"stat.fallOneCm":18447315,"stat.drop.minecraft.stone":23,"stat.crouchOneCm":2102662,"stat.pickup.minecraft.melon":1,"stat.craftingTableInteraction":2,"stat.drop.minecraft.stained_glass_pane":2,"stat.dropperInspected":2,"stat.useItem.minecraft.golden_rail":31,"stat.useItem.minecraft.dark_oak_fence":10,"stat.craftItem.minecraft.wooden_button":1,"stat.useItem.minecraft.yellow_shulker_box":4,"stat.drop.minecraft.snow":11,"stat.drop.minecraft.soul_sand":1,"stat.drop.minecraft.carpet":13,"stat.useItem.minecraft.wool":516,"stat.drop.minecraft.stick":76,"stat.useItem.minecraft.iron_bars":190,"stat.useItem.minecraft.bone_block":5,"stat.useItem.minecraft.torch":1,"stat.drop.minecraft.stone_brick_stairs":5,"stat.craftItem.minecraft.redstone_block":3,"stat.drop.minecraft.fire_charge":1,"stat.useItem.minecraft.log":25,"stat.useItem.minecraft.comparator":59,"stat.useItem.minecraft.cobblestone":1,"stat.drop.minecraft.lingering_potion":6,"stat.minecartOneCm":500,"stat.drop.minecraft.record_far":1,"stat.breakItem.minecraft.golden_helmet":24,"stat.drop.minecraft.sign":110,"stat.useItem.minecraft.nether_wart_block":8,"stat.useItem.minecraft.yellow_flower":17,"stat.useItem.minecraft.fireworks":243,"stat.drop.minecraft.clay":57,"stat.drop.minecraft.bow":48,"stat.useItem.minecraft.barrier":1383,"stat.drop.minecraft.comparator":10,"stat.useItem.minecraft.daylight_detector":2,"stat.useItem.minecraft.stonebrick":37,"stat.useItem.minecraft.monster_egg":208,"stat.drop.minecraft.bone_block":1,"stat.sneakTime":329985,"stat.drop.minecraft.sea_lantern":53,"stat.useItem.minecraft.chorus_fruit":23,"stat.pickup.minecraft.stone_slab":3,"stat.drop.minecraft.yellow_flower":1,"stat.drop.minecraft.grass":2,"stat.useItem.minecraft.fishing_rod":2119,"stat.drop.minecraft.wooden_axe":2,"stat.drop.minecraft.totem_of_undying":1,"stat.drop.minecraft.observer":1,"stat.horseOneCm":107212,"stat.useItem.minecraft.repeater":131,"stat.useItem.minecraft.log2":34,"stat.useItem.minecraft.beacon":4,"stat.drop.minecraft.beacon":2,"stat.craftItem.minecraft.wool":6,"stat.useItem.minecraft.diamond_sword":28,"stat.drop.minecraft.purpur_slab":4,"stat.swimOneCm":16908,"stat.drop.minecraft.end_bricks":9,"stat.useItem.minecraft.snow":2875,"stat.climbOneCm":4777,"stat.drop.minecraft.sticky_piston":4,"stat.useItem.minecraft.coal_block":793,"stat.useItem.minecraft.obsidian":1154,"stat.useItem.minecraft.redstone_torch":78,"stat.useItem.minecraft.dirt":522,"stat.pickup.minecraft.bow":1,"stat.useItem.minecraft.red_flower":140,"stat.craftItem.minecraft.furnace":1,"stat.drop.minecraft.golden_helmet":2,"stat.useItem.minecraft.egg":3515,"stat.craftItem.minecraft.bone_block":1,"stat.drop.minecraft.iron_trapdoor":2,"stat.drop.minecraft.ender_pearl":8,"stat.drop.minecraft.quartz_stairs":3,"stat.flyOneCm":102635591,"stat.pickup.minecraft.chain_command_block":1,"stat.craftItem.minecraft.stained_glass":366,"stat.timeSinceDeath":12046,"stat.useItem.minecraft.sign":249,"stat.useItem.minecraft.iron_door":1,"stat.drop.minecraft.repeater":19,"stat.craftItem.minecraft.iron_block":6,"stat.drop.minecraft.iron_bars":1,"stat.drop.minecraft.golden_boots":1,"stat.drop.minecraft.red_sandstone_stairs":1,"stat.drop.minecraft.stained_glass":52,"stat.drop.minecraft.flint_and_steel":2,"stat.pickup.minecraft.carpet":1,"stat.drop.minecraft.wool":3,"stat.killEntity.Creeper":7,"stat.drop.minecraft.spawn_egg":1,"stat.drop.minecraft.bedrock":1,"stat.drop.minecraft.redstone_lamp":1,"stat.useItem.minecraft.purpur_pillar":19,"stat.useItem.minecraft.sea_lantern":1855,"stat.drop.minecraft.obsidian":24,"stat.drop.minecraft.compass":33,"stat.useItem.minecraft.spruce_fence":7,"stat.sprintOneCm":60467368,"stat.useItem.minecraft.diamond_block":74,"stat.drop.minecraft.potion":56,"stat.useItem.minecraft.stone_slab":4233,"stat.craftItem.minecraft.stained_hardened_clay":80,"stat.useItem.minecraft.bed":5,"stat.craftItem.minecraft.stone":388,"stat.useItem.minecraft.snowball":53007,"stat.useItem.minecraft.stone_pressure_plate":9,"stat.drop.minecraft.leaves":2,"stat.drop.minecraft.lava_bucket":1,"stat.useItem.minecraft.bucket":28,"stat.entityKilledBy.Creeper":7,"stat.drop":1997,"stat.useItem.minecraft.banner":40,"stat.useItem.minecraft.ladder":4,"stat.useItem.minecraft.purpur_block":16,"stat.drop.minecraft.redstone_block":107,"stat.drop.minecraft.purpur_pillar":2,"stat.killEntity.Zombie":2,"stat.pickup.minecraft.snowball":4,"stat.craftItem.minecraft.clay":6,"stat.diveOneCm":17491,"stat.craftItem.minecraft.sandstone":337,"stat.useItem.minecraft.sticky_piston":6,"stat.drop.minecraft.purpur_stairs":1,"stat.useItem.minecraft.quartz_stairs":91,"stat.drop.minecraft.ladder":1,"stat.pickup.minecraft.stained_glass_pane":1,"stat.useItem.minecraft.carpet":719,"stat.useItem.minecraft.heavy_weighted_pressure_plate":1,"stat.useItem.minecraft.potion":2,"stat.useItem.minecraft.stained_glass_pane":169,"stat.drop.minecraft.sponge":1,"stat.useItem.minecraft.bedrock":76,"stat.drop.minecraft.sandstone":24,"stat.jump":69059,"stat.useItem.minecraft.iron_trapdoor":318,"stat.useItem.minecraft.sand":2014,"stat.useItem.minecraft.piston":7,"stat.drop.minecraft.diamond_sword":3,"stat.breakItem.minecraft.golden_leggings":25,"stat.useItem.minecraft.stone_button":60,"stat.drop.minecraft.glowstone":1,"stat.drop.minecraft.bed":1,"stat.drop.minecraft.glass":2,"stat.useItem.minecraft.glass":734,"stat.drop.minecraft.barrier":59,"stat.pickup.minecraft.command_block":1,"stat.useItem.minecraft.redstone_lamp":3,"stat.damageTaken":100746,"stat.useItem.minecraft.stone_brick_stairs":151,"stat.useItem.minecraft.end_crystal":5,"stat.useItem.minecraft.gold_block":131,"stat.drop.minecraft.stone_button":9,"stat.drop.minecraft.water_bucket":4,"stat.craftItem.minecraft.comparator":5,"stat.drop.minecraft.red_sandstone":1,"stat.craftItem.minecraft.sea_lantern":4,"stat.useItem.minecraft.slime":74,"stat.useItem.minecraft.magma":89,"stat.killEntity.Shulker":1,"stat.damageDealt":3816,"stat.useItem.minecraft.snow_layer":114,"stat.pickup.minecraft.end_bricks":1,"stat.killEntity.Cow":1,"stat.useItem.minecraft.crafting_table":1,"stat.drop.minecraft.emerald_block":1,"stat.craftItem.minecraft.stone_slab":1,"stat.useItem.minecraft.command_block":619,"stat.pickup.minecraft.boat":1,"stat.walkOneCm":32771091,"stat.playerKills":498,"stat.useItem.minecraft.chest":6,"stat.pickup.minecraft.stick":2,"stat.useItem.minecraft.pumpkin":1,"stat.useItem.minecraft.observer":4,"stat.useItem.minecraft.emerald_block":3,"stat.useItem.minecraft.lava_bucket":22,"stat.pickup.minecraft.purpur_slab":1,"stat.drop.minecraft.netherrack":1,"stat.drop.minecraft.iron_block":34,"stat.useItem.minecraft.redstone_block":292,"stat.useItem.minecraft.item_frame":4,"stat.drop.minecraft.leather_chestplate":2,"stat.useItem.minecraft.stained_hardened_clay":7201,"stat.craftItem.minecraft.redstone":10,"stat.drop.minecraft.egg":82,"stat.useItem.minecraft.leaves":2,"stat.drop.minecraft.command_block":114,"stat.breakItem.minecraft.golden_boots":26,"stat.useItem.minecraft.netherrack":5,"stat.useItem.minecraft.prismarine":17,"stat.craftItem.minecraft.stained_glass_pane":4,"stat.useItem.minecraft.tripwire_hook":2,"stat.useItem.minecraft.iron_block":1289,"stat.drop.minecraft.end_rod":1,"stat.mobKills":59,"stat.drop.minecraft.repeating_command_block":145,"stat.drop.minecraft.quartz_block":24,"stat.craftItem.minecraft.coal_block":41,"stat.useItem.minecraft.purpur_slab":624,"stat.drop.minecraft.arrow":48,"stat.useItem.minecraft.sandstone":3060}