{"stat.beaconInteraction":9,"stat.pickup.minecraft.repeating_command_block":3,"stat.useItem.minecraft.bow":1528,"stat.useItem.minecraft.end_bricks":4008,"stat.useItem.minecraft.lapis_block":12,"stat.useItem.minecraft.chain_command_block":85,"stat.useItem.minecraft.quartz_block":1090,"stat.useItem.minecraft.painting":4,"stat.pigOneCm":10843,"stat.useItem.minecraft.repeater":137,"stat.leaveGame":71,"stat.useItem.minecraft.beacon":3,"stat.useItem.minecraft.skull":5,"stat.drop.minecraft.redstone":1,"stat.useItem.minecraft.repeating_command_block":159,"stat.useItem.minecraft.diamond_sword":33,"stat.useItem.minecraft.glowstone":10,"stat.swimOneCm":12359,"stat.useItem.minecraft.snow":496,"stat.climbOneCm":642,"stat.useItem.minecraft.end_rod":9,"stat.useItem.minecraft.fire_charge":37,"stat.drop.minecraft.coal_block":1,"stat.useItem.minecraft.coal_block":168,"stat.useItem.minecraft.obsidian":939,"stat.useItem.minecraft.redstone_torch":67,"stat.useItem.minecraft.dirt":720,"stat.useItem.minecraft.stone_slab2":84,"stat.useItem.minecraft.red_sandstone_stairs":1,"stat.pickup.minecraft.bow":5,"stat.useItem.minecraft.water_bucket":41,"stat.useItem.minecraft.egg":1435,"stat.drop.minecraft.iron_trapdoor":7,"stat.useItem.minecraft.leaves2":112,"stat.drop.minecraft.ender_pearl":1,"stat.drop.minecraft.quartz_stairs":1,"stat.pickup.minecraft.iron_trapdoor":6,"stat.drop.minecraft.elytra":8,"stat.aviateOneCm":16847292,"stat.flyOneCm":33442661,"stat.useItem.minecraft.ender_pearl":169,"stat.pickup.minecraft.redstone":1,"stat.timeSinceDeath":73826,"stat.useItem.minecraft.fence_gate":1,"stat.hopperInspected":2,"stat.useItem.minecraft.sign":37,"stat.useItem.minecraft.spawn_egg":46,"stat.useItem.minecraft.wooden_slab":125,"stat.useItem.minecraft.iron_door":5,"stat.trappedChestTriggered":3,"stat.useItem.minecraft.lever":9,"stat.killEntity.Creeper":7,"stat.craftItem.minecraft.leather_helmet":5,"stat.useItem.minecraft.end_stone":2,"stat.useItem.minecraft.redstone":128,"stat.useItem.minecraft.sea_lantern":1360,"stat.drop.minecraft.stained_hardened_clay":2,"stat.drop.minecraft.obsidian":10,"stat.drop.minecraft.compass":1,"stat.useItem.minecraft.spruce_fence":9,"stat.killEntity.Squid":19,"stat.useItem.minecraft.stained_glass":4207,"stat.sprintOneCm":9321451,"stat.useItem.minecraft.stone_slab":4871,"stat.useItem.minecraft.snowball":13487,"stat.useItem.minecraft.flint_and_steel":52,"stat.useItem.minecraft.wooden_button":21,"stat.useItem.minecraft.stone_pressure_plate":11,"stat.drop.minecraft.fireworks":3,"stat.useItem.minecraft.lingering_potion":127,"stat.useItem.minecraft.hopper":29,"stat.drop.minecraft.snowball":181,"stat.useItem.minecraft.dye":2,"stat.deaths":219,"stat.drop":301,"stat.playOneMinute":3363114,"stat.useItem.minecraft.cake":1,"stat.useItem.minecraft.banner":6,"stat.useItem.minecraft.nether_brick":45,"stat.useItem.minecraft.purpur_block":56,"stat.killEntity.Zombie":1,"stat.pickup.minecraft.snowball":181,"stat.pickup.minecraft.iron_bars":1,"stat.diveOneCm":2147,"stat.chestOpened":35,"stat.useItem.minecraft.splash_potion":540,"stat.useItem.minecraft.stone":2048,"stat.useItem.minecraft.quartz_stairs":213,"stat.pickup.minecraft.arrow":9,"stat.useItem.minecraft.waterlily":7,"stat.pickup.minecraft.obsidian":9,"stat.useItem.minecraft.carpet":69,"stat.useItem.minecraft.heavy_weighted_pressure_plate":7,"stat.useItem.minecraft.clay":285,"stat.useItem.minecraft.stained_glass_pane":358,"stat.useItem.minecraft.bedrock":141,"stat.jump":18766,"stat.useItem.minecraft.iron_trapdoor":165,"stat.useItem.minecraft.sand":523,"stat.breakItem.minecraft.leather_helmet":36,"stat.useItem.minecraft.experience_bottle":9,"stat.fallOneCm":6197234,"stat.drop.minecraft.stone":1,"stat.useItem.minecraft.piston":3,"stat.crouchOneCm":405607,"stat.breakItem.minecraft.golden_leggings":1,"stat.useItem.minecraft.stone_button":305,"stat.useItem.minecraft.light_weighted_pressure_plate":1,"stat.craftingTableInteraction":2,"stat.useItem.minecraft.glass":167,"stat.drop.minecraft.barrier":1,"stat.boatOneCm":6753,"stat.useItem.minecraft.sapling":4,"stat.useItem.minecraft.redstone_lamp":5,"stat.damageTaken":10961,"stat.useItem.minecraft.dark_oak_fence":1,"stat.useItem.minecraft.stone_brick_stairs":5,"stat.useItem.minecraft.end_crystal":169,"stat.useItem.minecraft.gold_block":4,"stat.useItem.minecraft.reeds":2,"stat.useItem.minecraft.slime":19,"stat.useItem.minecraft.enchanting_table":1,"stat.damageDealt":3513,"stat.drop.minecraft.carpet":1,"stat.useItem.minecraft.snow_layer":7,"stat.useItem.minecraft.wool":57,"stat.useItem.minecraft.crafting_table":1,"stat.drop.minecraft.stick":70,"stat.useItem.minecraft.iron_bars":255,"stat.useItem.minecraft.command_block":149,"stat.useItem.minecraft.bone_block":512,"stat.walkOneCm":5134402,"stat.useItem.minecraft.chest":4,"stat.playerKills":40,"stat.pickup.minecraft.stick":195,"stat.useItem.minecraft.log":97,"stat.useItem.minecraft.cobblestone":47,"stat.useItem.minecraft.tnt":176,"stat.drop.minecraft.lingering_potion":1,"stat.useItem.minecraft.emerald_block":5,"stat.useItem.minecraft.lava_bucket":11,"stat.useItem.minecraft.spruce_boat":1,"stat.minecartOneCm":468,"stat.breakItem.minecraft.golden_helmet":1,"stat.useItem.minecraft.nether_wart_block":23,"stat.useItem.minecraft.redstone_block":143,"stat.useItem.minecraft.item_frame":9,"stat.useItem.minecraft.stained_hardened_clay":9581,"stat.useItem.minecraft.leaves":84,"stat.useItem.minecraft.tallgrass":1,"stat.drop.minecraft.command_block":2,"stat.useItem.minecraft.fireworks":10,"stat.breakItem.minecraft.golden_boots":1,"stat.useItem.minecraft.netherrack":54,"stat.drop.minecraft.bow":3,"stat.useItem.minecraft.barrier":43,"stat.killEntity.Chicken":7,"stat.useItem.minecraft.iron_block":2074,"stat.pickup.minecraft.stone_sword":1,"stat.useItem.minecraft.daylight_detector":19,"stat.mobKills":112,"stat.drop.minecraft.repeating_command_block":2,"stat.useItem.minecraft.stonebrick":20,"stat.sneakTime":164211,"stat.pickup.minecraft.elytra":1,"stat.useItem.minecraft.purpur_slab":36,"stat.drop.minecraft.arrow":6,"stat.pickup.minecraft.stone_slab":1,"stat.useItem.minecraft.fishing_rod":281,"stat.useItem.minecraft.sandstone":503}