{"stat.chestOpened":4,"stat.useItem.minecraft.bow":67,"stat.useItem.minecraft.dark_oak_door":22,"stat.walkOneCm":219248,"stat.playerKills":2,"achievement.openInventory":43,"stat.useItem.minecraft.snowball":941,"stat.useItem.minecraft.egg":1,"stat.leaveGame":2,"stat.pickup.minecraft.arrow":64,"stat.aviateOneCm":1082397,"stat.flyOneCm":579443,"stat.deaths":11,"stat.jump":864,"stat.useItem.minecraft.iron_trapdoor":11,"stat.playOneMinute":76361,"stat.fallOneCm":351864,"stat.sneakTime":1785,"stat.damageDealt":0,"stat.crouchOneCm":3824,"stat.useItem.minecraft.chorus_fruit":2,"stat.timeSinceDeath":46,"stat.sprintOneCm":322602,"stat.pickup.minecraft.bow":1,"achievement.exploreAllBiomes":{"value":0,"progress":["Desert"]}}