{"stat.beaconInteraction":37,"stat.craftItem.minecraft.leather_leggings":2,"stat.useItem.minecraft.bow":885,"stat.useItem.minecraft.end_bricks":468,"stat.useItem.minecraft.quartz_block":94,"stat.leaveGame":47,"stat.useItem.minecraft.beacon":66,"stat.drop.minecraft.leather_helmet":1,"stat.drop.minecraft.beacon":2,"stat.swimOneCm":2619,"stat.drop.minecraft.end_bricks":3,"stat.useItem.minecraft.snow":8,"stat.craftItem.minecraft.shield":4,"stat.climbOneCm":670,"stat.useItem.minecraft.end_rod":28,"stat.useItem.minecraft.fire_charge":255,"stat.drop.minecraft.coal_block":3,"stat.useItem.minecraft.coal_block":146,"stat.useItem.minecraft.obsidian":10,"stat.useItem.minecraft.dirt":7,"stat.useItem.minecraft.red_sandstone_stairs":5,"stat.useItem.minecraft.egg":998,"stat.drop.minecraft.map":64,"stat.drop.minecraft.splash_potion":1,"stat.drop.minecraft.elytra":6,"stat.aviateOneCm":15840846,"stat.flyOneCm":8761797,"stat.useItem.minecraft.ender_pearl":92,"stat.drop.minecraft.sand":2,"stat.timeSinceDeath":88433,"stat.useItem.minecraft.sign":2,"stat.trappedChestTriggered":12,"stat.drop.minecraft.iron_bars":1,"stat.drop.minecraft.red_sandstone_stairs":1,"stat.drop.minecraft.stained_glass":1,"stat.killEntity.Creeper":1,"stat.craftItem.minecraft.leather_helmet":1,"stat.drop.minecraft.stone_slab":2,"stat.useItem.minecraft.redstone":8,"stat.useItem.minecraft.sea_lantern":15,"stat.drop.minecraft.stained_hardened_clay":2,"stat.useItem.minecraft.red_sandstone":9,"stat.drop.minecraft.compass":2,"stat.sprintOneCm":3932485,"stat.useItem.minecraft.stained_glass":69,"stat.drop.minecraft.fishing_rod":2,"stat.useItem.minecraft.stone_slab":143,"stat.useItem.minecraft.snowball":17703,"stat.useItem.minecraft.wooden_button":2,"stat.entityKilledBy.VindicationIllager":1,"stat.useItem.minecraft.stone_pressure_plate":277,"stat.useItem.minecraft.lingering_potion":127,"stat.drop.minecraft.snowball":4,"stat.entityKilledBy.Creeper":1,"stat.deaths":467,"stat.drop":162,"stat.playOneMinute":1897421,"stat.craftItem.minecraft.leather_chestplate":1,"stat.useItem.minecraft.banner":1,"stat.useItem.minecraft.ladder":4,"stat.drop.minecraft.glass_bottle":2,"stat.diveOneCm":4019,"stat.chestOpened":54,"stat.useItem.minecraft.splash_potion":1336,"stat.useItem.minecraft.stone":23,"stat.useItem.minecraft.quartz_stairs":16,"stat.useItem.minecraft.carpet":24,"stat.useItem.minecraft.potion":2,"stat.useItem.minecraft.clay":9,"stat.useItem.minecraft.stained_glass_pane":22,"stat.drop.minecraft.sandstone":6,"stat.jump":10967,"stat.useItem.minecraft.sand":315,"stat.breakItem.minecraft.leather_helmet":192,"stat.fallOneCm":4649641,"stat.useItem.minecraft.trapped_chest":2,"stat.crouchOneCm":269544,"stat.breakItem.minecraft.golden_leggings":31,"stat.useItem.minecraft.stone_button":7,"stat.craftingTableInteraction":19,"stat.drop.minecraft.stained_glass_pane":2,"stat.useItem.minecraft.glass":35,"stat.damageTaken":7817,"stat.useItem.minecraft.reeds":2,"stat.drop.minecraft.stone_button":1,"stat.drop.minecraft.snow":1,"stat.useItem.minecraft.enchanting_table":6,"stat.damageDealt":369,"stat.useItem.minecraft.crafting_table":4,"stat.drop.minecraft.reeds":1,"stat.drop.minecraft.stick":3,"stat.useItem.minecraft.iron_bars":6,"stat.useItem.minecraft.command_block":4,"stat.useItem.minecraft.bone_block":56,"stat.walkOneCm":6967113,"stat.playerKills":37,"stat.drop.minecraft.fire_charge":4,"stat.useItem.minecraft.log":3,"stat.useItem.minecraft.tnt":162,"stat.drop.minecraft.lingering_potion":2,"stat.craftItem.minecraft.leather_boots":2,"stat.useItem.minecraft.emerald_block":25,"stat.breakItem.minecraft.golden_helmet":32,"stat.drop.minecraft.iron_block":4,"stat.drop.minecraft.stonebrick":1,"stat.useItem.minecraft.stained_hardened_clay":38,"stat.drop.minecraft.egg":17,"stat.useItem.minecraft.leaves":3,"stat.useItem.minecraft.fireworks":20,"stat.breakItem.minecraft.golden_boots":32,"stat.drop.minecraft.bow":3,"stat.useItem.minecraft.barrier":105,"stat.drop.minecraft.crafting_table":1,"stat.useItem.minecraft.iron_block":46,"stat.drop.minecraft.end_rod":5,"stat.drop.minecraft.filled_map":5,"stat.mobKills":9,"stat.useItem.minecraft.stonebrick":4,"stat.sneakTime":82951,"stat.drop.minecraft.quartz_block":1,"stat.drop.minecraft.sea_lantern":1,"stat.drop.minecraft.arrow":5,"stat.useItem.minecraft.map":5,"stat.useItem.minecraft.fishing_rod":309,"stat.useItem.minecraft.sandstone":1503}