{"stat.chestOpened":1,"stat.useItem.minecraft.bow":103,"stat.useItem.minecraft.splash_potion":24,"stat.walkOneCm":254829,"stat.useItem.minecraft.quartz_block":1,"stat.playerKills":5,"stat.leaveGame":9,"stat.jump":1091,"stat.swimOneCm":1138,"stat.fallOneCm":414179,"stat.crouchOneCm":11779,"stat.drop.minecraft.egg":1,"stat.sprintOneCm":466378,"achievement.exploreAllBiomes":{"value":0,"progress":["Desert","Hell"]},"stat.useItem.minecraft.fireworks":8,"stat.useItem.minecraft.glass":13,"achievement.openInventory":60,"stat.useItem.minecraft.snowball":208,"stat.useItem.minecraft.egg":14,"stat.drop.minecraft.snowball":7,"stat.aviateOneCm":872884,"stat.flyOneCm":658841,"stat.deaths":54,"stat.drop":9,"stat.playOneMinute":206865,"stat.sneakTime":3020,"stat.damageDealt":10,"stat.timeSinceDeath":86946,"stat.diveOneCm":1103,"stat.useItem.minecraft.fishing_rod":6,"stat.drop.minecraft.stick":1}