{"stat.useItem.minecraft.bow":4,"stat.useItem.minecraft.splash_potion":9,"stat.walkOneCm":242452,"stat.useItem.minecraft.stone_slab":1,"stat.trappedChestTriggered":1,"stat.playerKills":6,"achievement.openInventory":19,"stat.useItem.minecraft.snowball":19,"stat.leaveGame":4,"stat.aviateOneCm":10703,"stat.flyOneCm":164770,"stat.deaths":31,"stat.jump":416,"stat.playOneMinute":46856,"stat.fallOneCm":169599,"stat.sneakTime":5758,"stat.damageDealt":0,"stat.crouchOneCm":31307,"stat.timeSinceDeath":823,"stat.useItem.minecraft.stained_hardened_clay":5,"stat.sprintOneCm":187453,"achievement.exploreAllBiomes":{"value":0,"progress":["Desert"]}}