{"stat.chestOpened":11,"stat.useItem.minecraft.bow":41,"stat.useItem.minecraft.splash_potion":151,"stat.useItem.minecraft.end_bricks":53,"stat.useItem.minecraft.quartz_block":1,"stat.useItem.minecraft.repeater":1,"stat.leaveGame":17,"stat.useItem.minecraft.diamond_sword":10,"stat.useItem.minecraft.clay":2,"stat.useItem.minecraft.potion":1,"stat.jump":1572,"stat.swimOneCm":624,"stat.fallOneCm":495015,"stat.drop.minecraft.coal_block":1,"stat.crouchOneCm":71535,"stat.useItem.minecraft.coal_block":1,"stat.useItem.minecraft.obsidian":2,"achievement.exploreAllBiomes":{"value":0,"progress":["Desert","Hell"]},"stat.drop.minecraft.barrier":2,"stat.useItem.minecraft.egg":19,"stat.damageTaken":1067,"stat.drop.minecraft.elytra":1,"stat.aviateOneCm":800836,"stat.flyOneCm":1316161,"stat.damageDealt":6,"stat.timeSinceDeath":3706,"stat.useItem.minecraft.sign":20,"stat.drop.minecraft.stick":7,"stat.walkOneCm":1104189,"stat.playerKills":2,"stat.useItem.minecraft.comparator":2,"stat.drop.minecraft.stained_glass":1,"stat.useItem.minecraft.redstone":1,"stat.useItem.minecraft.sea_lantern":1,"stat.drop.minecraft.compass":22,"stat.useItem.minecraft.stained_hardened_clay":1,"stat.drop.minecraft.egg":1,"stat.sprintOneCm":516677,"stat.drop.minecraft.fishing_rod":4,"stat.useItem.minecraft.stained_glass":3,"stat.useItem.minecraft.fireworks":4,"stat.drop.minecraft.clay":1,"stat.drop.minecraft.bow":3,"stat.useItem.minecraft.stone_slab":4,"achievement.openInventory":82,"stat.useItem.minecraft.snowball":923,"stat.useItem.minecraft.barrier":6,"stat.useItem.minecraft.iron_block":4,"stat.drop.minecraft.fireworks":3,"stat.drop.minecraft.snowball":6,"stat.entityKilledBy.Creeper":2,"stat.deaths":16,"stat.drop":51,"stat.playOneMinute":172168,"stat.sneakTime":14935,"stat.drop.minecraft.glass_bottle":1,"stat.diveOneCm":897,"stat.useItem.minecraft.fishing_rod":25}