{"stat.beaconInteraction":2,"stat.useItem.minecraft.bow":2141,"stat.useItem.minecraft.end_bricks":172,"stat.useItem.minecraft.chain_command_block":187,"stat.useItem.minecraft.quartz_block":511,"stat.leaveGame":171,"stat.drop.minecraft.redstone":12,"stat.useItem.minecraft.repeating_command_block":82,"stat.drop.minecraft.skull":1,"stat.drop.minecraft.coal_block":19,"stat.drop.minecraft.iron_sword":1,"stat.useItem.minecraft.water_bucket":30,"stat.drop.minecraft.redstone_torch":6,"stat.drop.minecraft.leather_boots":1,"stat.drop.minecraft.splash_potion":6,"stat.drop.minecraft.elytra":27,"stat.aviateOneCm":40751658,"stat.useItem.minecraft.anvil":2,"stat.useItem.minecraft.ender_pearl":150,"stat.drop.minecraft.sand":5,"stat.hopperInspected":52,"stat.drop.minecraft.ender_eye":2,"stat.useItem.minecraft.spawn_egg":76,"stat.trappedChestTriggered":18,"stat.drop.minecraft.diamond_block":1,"stat.drop.minecraft.stone_slab":4,"stat.useItem.minecraft.redstone":497,"stat.drop.minecraft.stained_hardened_clay":6,"stat.drop.minecraft.wooden_button":9,"stat.useItem.minecraft.stained_glass":11,"stat.drop.minecraft.fishing_rod":1,"stat.useItem.minecraft.flint_and_steel":1,"stat.useItem.minecraft.wooden_button":109,"stat.drop.minecraft.fireworks":6,"stat.craftItem.minecraft.dropper":4,"stat.useItem.minecraft.lingering_potion":437,"stat.useItem.minecraft.hopper":6,"stat.drop.minecraft.snowball":6,"stat.deaths":402,"stat.drop.minecraft.chain_command_block":19,"stat.playOneMinute":4748002,"stat.drop.minecraft.glass_bottle":2,"stat.craftItem.minecraft.repeater":255,"stat.chestOpened":63,"stat.useItem.minecraft.splash_potion":458,"stat.craftItem.minecraft.sign":12,"stat.useItem.minecraft.stone":186,"stat.useItem.minecraft.sponge":1,"stat.drop.minecraft.experience_bottle":1,"stat.craftItem.minecraft.quartz_block":6,"stat.useItem.minecraft.clay":451,"stat.breakItem.minecraft.leather_helmet":62,"stat.useItem.minecraft.experience_bottle":209,"stat.fallOneCm":5912138,"stat.drop.minecraft.stone":3,"stat.useItem.minecraft.trapped_chest":3,"stat.crouchOneCm":431053,"stat.dropperInspected":3,"stat.craftItem.minecraft.wooden_button":2,"stat.drop.minecraft.snow":3,"stat.drop.minecraft.carpet":8,"stat.useItem.minecraft.wool":31,"stat.drop.minecraft.stick":29,"stat.useItem.minecraft.iron_bars":23,"stat.useItem.minecraft.bone_block":18,"stat.useItem.minecraft.torch":11,"stat.drop.minecraft.stone_brick_stairs":4,"stat.craftItem.minecraft.redstone_block":89,"stat.useItem.minecraft.comparator":87,"stat.drop.minecraft.lingering_potion":1,"stat.drop.minecraft.sign":21,"stat.drop.minecraft.iron_door":1,"stat.craftItem.minecraft.stone_button":1,"stat.useItem.minecraft.fireworks":34,"stat.drop.minecraft.clay":28,"stat.drop.minecraft.bow":16,"stat.useItem.minecraft.iron_sword":9,"stat.useItem.minecraft.barrier":14,"stat.craftItem.minecraft.snow":6,"stat.drop.minecraft.comparator":5,"stat.sneakTime":147247,"stat.drop.minecraft.sea_lantern":7,"stat.drop.minecraft.grass":1,"stat.useItem.minecraft.fishing_rod":126,"stat.craftItem.minecraft.sticky_piston":1,"stat.useItem.minecraft.repeater":259,"stat.drop.minecraft.tripwire_hook":1,"stat.useItem.minecraft.log2":8,"stat.craftItem.minecraft.stone_brick_stairs":25,"stat.craftItem.minecraft.wool":159,"stat.swimOneCm":8468,"stat.drop.minecraft.end_bricks":3,"stat.useItem.minecraft.snow":25,"stat.climbOneCm":1969,"stat.drop.minecraft.sticky_piston":2,"stat.useItem.minecraft.coal_block":193,"stat.useItem.minecraft.obsidian":1042,"stat.useItem.minecraft.redstone_torch":58,"stat.useItem.minecraft.dirt":19,"stat.craftItem.minecraft.furnace":11,"stat.useItem.minecraft.egg":1512,"stat.useItem.minecraft.leaves2":40,"stat.flyOneCm":24081793,"stat.craftItem.minecraft.stained_glass":14,"stat.timeSinceDeath":56655,"stat.useItem.minecraft.sign":228,"stat.useItem.minecraft.iron_door":5,"stat.drop.minecraft.repeater":6,"stat.craftItem.minecraft.iron_block":52,"stat.useItem.minecraft.lever":4,"stat.drop.minecraft.stained_glass":7,"stat.drop.minecraft.wool":4,"stat.drop.minecraft.spawn_egg":3,"stat.drop.minecraft.redstone_lamp":1,"stat.useItem.minecraft.sea_lantern":124,"stat.drop.minecraft.obsidian":5,"stat.drop.minecraft.compass":2,"stat.useItem.minecraft.dropper":16,"stat.killEntity.Squid":1,"stat.sprintOneCm":10290713,"stat.useItem.minecraft.diamond_block":293,"stat.drop.minecraft.potion":8,"stat.useItem.minecraft.stone_slab":128,"stat.craftItem.minecraft.stained_hardened_clay":29,"stat.craftItem.minecraft.stone":28,"stat.useItem.minecraft.snowball":3675,"stat.useItem.minecraft.structure_block":15,"stat.entityKilledBy.Creeper":5,"stat.drop":387,"stat.useItem.minecraft.ladder":45,"stat.drop.minecraft.redstone_block":15,"stat.craftItem.minecraft.clay":112,"stat.diveOneCm":4886,"stat.craftItem.minecraft.sandstone":38,"stat.useItem.minecraft.sticky_piston":22,"stat.craftItem.minecraft.ladder":4,"stat.useItem.minecraft.quartz_stairs":1,"stat.drop.minecraft.ladder":1,"stat.useItem.minecraft.carpet":146,"stat.useItem.minecraft.potion":3,"stat.useItem.minecraft.bedrock":3,"stat.drop.minecraft.sandstone":4,"stat.jump":34970,"stat.useItem.minecraft.sand":101,"stat.useItem.minecraft.stone_button":14,"stat.drop.minecraft.glass":1,"stat.useItem.minecraft.glass":57,"stat.drop.minecraft.barrier":2,"stat.useItem.minecraft.redstone_lamp":4,"stat.damageTaken":6842,"stat.useItem.minecraft.stone_brick_stairs":10,"stat.useItem.minecraft.gold_block":9,"stat.drop.minecraft.stone_button":2,"stat.craftItem.minecraft.comparator":41,"stat.useItem.minecraft.slime":121,"stat.damageDealt":553,"stat.craftItem.minecraft.stone_slab":14,"stat.useItem.minecraft.command_block":746,"stat.walkOneCm":13310226,"stat.playerKills":127,"stat.drop.minecraft.iron_block":6,"stat.useItem.minecraft.redstone_block":247,"stat.drop.minecraft.slime":1,"stat.useItem.minecraft.stained_hardened_clay":946,"stat.craftItem.minecraft.redstone":144,"stat.drop.minecraft.egg":6,"stat.drop.minecraft.command_block":32,"stat.useItem.minecraft.iron_block":339,"stat.mobKills":22,"stat.drop.minecraft.repeating_command_block":6,"stat.drop.minecraft.quartz_block":5,"stat.craftItem.minecraft.coal_block":63,"stat.drop.minecraft.arrow":5,"stat.useItem.minecraft.sandstone":256}