{"stat.chestOpened":2,"stat.useItem.minecraft.bow":159,"stat.walkOneCm":350706,"stat.trappedChestTriggered":1,"stat.leaveGame":4,"stat.jump":494,"stat.useItem.minecraft.experience_bottle":4,"stat.fallOneCm":221900,"stat.crouchOneCm":9103,"stat.sprintOneCm":178822,"achievement.exploreAllBiomes":{"value":0,"progress":["Desert"]},"stat.useItem.minecraft.fireworks":5,"achievement.openInventory":21,"stat.useItem.minecraft.snowball":439,"stat.useItem.minecraft.egg":25,"stat.mobKills":8,"stat.aviateOneCm":789038,"stat.flyOneCm":442275,"stat.deaths":8,"stat.playOneMinute":62984,"stat.sneakTime":2047,"stat.damageDealt":109,"stat.useItem.minecraft.wool":22,"stat.timeSinceDeath":8818,"stat.useItem.minecraft.sign":1}