{"stat.useItem.minecraft.bow":5,"stat.flyOneCm":73889,"stat.deaths":1,"stat.walkOneCm":97277,"stat.jump":147,"stat.playOneMinute":13078,"stat.useItem.minecraft.experience_bottle":6,"achievement.openInventory":29,"stat.fallOneCm":41670,"stat.useItem.minecraft.snowball":35,"stat.useItem.minecraft.egg":2,"stat.leaveGame":1,"stat.sneakTime":140,"stat.damageDealt":0,"stat.crouchOneCm":1140,"stat.timeSinceDeath":12984,"stat.sprintOneCm":79846,"achievement.exploreAllBiomes":{"value":0,"progress":["Desert"]},"stat.aviateOneCm":67407}