{"stat.chestOpened":6,"stat.useItem.minecraft.bow":28,"stat.useItem.minecraft.splash_potion":11,"stat.walkOneCm":25410,"stat.trappedChestTriggered":1,"stat.playerKills":38,"stat.leaveGame":4,"stat.useItem.minecraft.repeating_command_block":4,"stat.jump":1570,"stat.crouchOneCm":1941,"stat.useItem.minecraft.coal_block":3,"stat.useItem.minecraft.stained_hardened_clay":1,"stat.sprintOneCm":26050,"achievement.exploreAllBiomes":{"value":0,"progress":["Desert"]},"achievement.openInventory":62,"stat.useItem.minecraft.snowball":183,"stat.useItem.minecraft.egg":46,"stat.useItem.minecraft.barrier":1,"stat.damageTaken":280,"stat.aviateOneCm":813687,"stat.flyOneCm":2263267,"stat.deaths":60,"stat.useItem.minecraft.ender_pearl":14,"stat.drop":3,"stat.playOneMinute":155340,"stat.sneakTime":3771,"stat.damageDealt":0,"stat.useItem.minecraft.wool":6,"stat.timeSinceDeath":14673,"stat.drop.minecraft.stick":3}