{"stat.useItem.minecraft.bow":6,"stat.flyOneCm":92711,"stat.deaths":6,"stat.walkOneCm":80554,"stat.jump":159,"stat.playerKills":3,"stat.playOneMinute":14548,"achievement.openInventory":15,"stat.fallOneCm":51311,"stat.useItem.minecraft.snowball":88,"stat.useItem.minecraft.egg":3,"stat.leaveGame":1,"stat.sneakTime":216,"stat.damageDealt":0,"stat.crouchOneCm":1368,"stat.useItem.minecraft.chorus_fruit":2,"stat.timeSinceDeath":3404,"stat.sprintOneCm":78918,"achievement.exploreAllBiomes":{"value":0,"progress":["Desert"]}}