{"stat.chestOpened":3,"stat.useItem.minecraft.bow":32,"stat.walkOneCm":340971,"stat.playerKills":10,"stat.leaveGame":4,"stat.jump":490,"stat.fallOneCm":134653,"stat.crouchOneCm":95,"stat.sprintOneCm":391535,"achievement.exploreAllBiomes":{"value":0,"progress":["Desert"]},"achievement.openInventory":32,"stat.useItem.minecraft.snowball":83,"stat.useItem.minecraft.egg":30,"stat.damageTaken":60,"stat.drop.minecraft.elytra":5,"stat.aviateOneCm":421598,"stat.flyOneCm":737231,"stat.deaths":48,"stat.useItem.minecraft.ender_pearl":38,"stat.drop":5,"stat.playOneMinute":115942,"stat.sneakTime":1592,"stat.damageDealt":0,"stat.timeSinceDeath":7634,"stat.useItem.minecraft.sign":222,"stat.useItem.minecraft.spawn_egg":72}