{"stat.chestOpened":27,"stat.useItem.minecraft.bow":167,"stat.useItem.minecraft.splash_potion":70,"stat.useItem.minecraft.sticky_piston":6,"stat.leaveGame":38,"stat.jump":2119,"stat.swimOneCm":1749,"stat.breakItem.minecraft.leather_helmet":15,"stat.drop.minecraft.skull":2,"stat.fallOneCm":1422770,"stat.useItem.minecraft.end_rod":1,"stat.crouchOneCm":154857,"stat.useItem.minecraft.obsidian":5,"stat.useItem.minecraft.redstone_torch":1,"stat.useItem.minecraft.stone_button":1,"achievement.exploreAllBiomes":{"value":0,"progress":["Desert","Hell"]},"stat.useItem.minecraft.egg":216,"stat.aviateOneCm":1926080,"stat.flyOneCm":1599371,"stat.useItem.minecraft.ender_pearl":1,"stat.drop.minecraft.snow":1,"stat.damageDealt":10,"stat.timeSinceDeath":4576,"stat.hopperInspected":17,"stat.useItem.minecraft.sign":1,"stat.drop.minecraft.stick":4,"stat.useItem.minecraft.iron_door":7,"stat.useItem.minecraft.command_block":2,"stat.walkOneCm":1780315,"stat.playerKills":80,"stat.useItem.minecraft.comparator":2,"stat.drop.minecraft.sign":1,"stat.useItem.minecraft.redstone_block":3,"stat.useItem.minecraft.redstone":5,"stat.drop.minecraft.stained_hardened_clay":1,"stat.useItem.minecraft.sea_lantern":4,"stat.drop.minecraft.obsidian":1,"stat.drop.minecraft.compass":35,"stat.useItem.minecraft.stained_hardened_clay":1,"stat.sprintOneCm":3352085,"stat.useItem.minecraft.fireworks":12,"achievement.openInventory":232,"stat.useItem.minecraft.snowball":1852,"stat.useItem.minecraft.hopper":6,"stat.drop.minecraft.snowball":3,"stat.mobKills":1,"stat.deaths":242,"stat.drop":52,"stat.playOneMinute":572231,"stat.sneakTime":29733,"stat.useItem.minecraft.chorus_fruit":11,"stat.drop.minecraft.arrow":4,"stat.diveOneCm":2436,"stat.useItem.minecraft.fishing_rod":178,"stat.useItem.minecraft.sandstone":5}