{"stat.useItem.minecraft.bow":1,"stat.walkOneCm":79407,"achievement.openInventory":7,"stat.useItem.minecraft.snowball":6,"stat.useItem.minecraft.egg":7,"stat.leaveGame":2,"stat.aviateOneCm":141765,"stat.drop.minecraft.written_book":1,"stat.flyOneCm":119413,"stat.drop":1,"stat.jump":104,"stat.useItem.minecraft.writable_book":1,"stat.playOneMinute":23695,"stat.fallOneCm":47247,"stat.sneakTime":675,"stat.damageDealt":0,"stat.crouchOneCm":1946,"stat.timeSinceDeath":23695,"stat.useItem.minecraft.sign":1,"stat.sprintOneCm":62634,"achievement.exploreAllBiomes":{"value":0,"progress":["Desert"]},"stat.useItem.minecraft.fireworks":3}