{"stat.chestOpened":9,"stat.useItem.minecraft.bow":12,"stat.useItem.minecraft.glass":4,"stat.walkOneCm":244703,"stat.useItem.minecraft.stone_slab":17,"stat.trappedChestTriggered":1,"stat.useItem.minecraft.quartz_block":6,"stat.playerKills":9,"stat.useItem.minecraft.lever":1,"achievement.openInventory":65,"stat.useItem.minecraft.snowball":514,"stat.useItem.minecraft.egg":12,"stat.useItem.minecraft.quartz_stairs":11,"stat.leaveGame":2,"stat.aviateOneCm":1153685,"stat.flyOneCm":613947,"stat.deaths":40,"stat.useItem.minecraft.bedrock":2,"stat.jump":440,"stat.useItem.minecraft.iron_trapdoor":64,"stat.useItem.minecraft.sand":1,"stat.playOneMinute":117034,"stat.fallOneCm":263428,"stat.sneakTime":4843,"stat.damageDealt":0,"stat.crouchOneCm":21239,"stat.useItem.minecraft.coal_block":1,"stat.timeSinceDeath":66674,"stat.useItem.minecraft.stained_hardened_clay":1,"stat.sprintOneCm":458442,"stat.useItem.minecraft.stained_glass":26,"stat.useItem.minecraft.stone_slab2":7,"stat.useItem.minecraft.red_sandstone_stairs":9,"achievement.exploreAllBiomes":{"value":0,"progress":["Desert"]},"stat.useItem.minecraft.iron_door":3}