{"stat.chestOpened":7,"stat.useItem.minecraft.bow":1,"stat.walkOneCm":94628,"stat.useItem.minecraft.quartz_block":1,"stat.playerKills":1,"achievement.openInventory":21,"stat.useItem.minecraft.snowball":160,"stat.useItem.minecraft.egg":1,"stat.leaveGame":3,"stat.flyOneCm":198178,"stat.deaths":5,"stat.jump":117,"stat.swimOneCm":240,"stat.playOneMinute":25242,"stat.fallOneCm":44682,"stat.sneakTime":764,"stat.damageDealt":0,"stat.crouchOneCm":1642,"stat.timeSinceDeath":207,"stat.useItem.minecraft.stained_hardened_clay":1,"stat.sprintOneCm":34196,"achievement.exploreAllBiomes":{"value":0,"progress":["Desert","Hell"]},"stat.diveOneCm":228}